from_block,well,base_strain,receptor,anchor,nanobody,negsel,dilution,notes
1,A1,yNP22422,,,,,,
1,A2,yNP22423,,,,,,
1,A3,yNP22426,,,,,,
1,A4,yNP22431,,,,,,
1,A5,yNP22432,,,,,,
1,A6,yNP22433,,,,,,
1,A7,yNP22446,,,,,,
1,A8,yNP22447,,,,,,
1,A9,yNP22450,,,,,,
1,A10,yNP22455,,,,,,
1,A11,yNP22456,,,,,,
1,A12,yNP22457,,,,,,
1,B1,yNP22422,,,,,,
1,B2,yNP22423,,,,,,
1,B3,yNP22426,,,,,,
1,B4,yNP22431,,,,,,
1,B5,yNP22432,,,,,,
1,B6,yNP22433,,,,,,
1,B7,yNP22446,,,,,,
1,B8,yNP22447,,,,,,
1,B9,yNP22450,,,,,,
1,B10,yNP22455,,,,,,
1,B11,yNP22456,,,,,,
1,B12,yNP22457,,,,,,
1,C1,yNP22422,,,,,,
1,C2,yNP22423,,,,,,
1,C3,yNP22426,,,,,,
1,C4,yNP22431,,,,,,
1,C5,yNP22432,,,,,,
1,C6,yNP22433,,,,,,
1,C7,yNP22446,,,,,,
1,C8,yNP22447,,,,,,
1,C9,yNP22450,,,,,,
1,C10,yNP22455,,,,,,
1,C11,yNP22456,,,,,,
1,C12,yNP22457,,,,,,
1,D1,yNP22422,,,,,,
1,D2,yNP22423,,,,,,
1,D3,yNP22426,,,,,,
1,D4,yNP22431,,,,,,
1,D5,yNP22432,,,,,,
1,D6,yNP22433,,,,,,
1,D7,yNP22446,,,,,,
1,D8,yNP22447,,,,,,
1,D9,yNP22450,,,,,,
1,D10,yNP22455,,,,,,
1,D11,yNP22456,,,,,,
1,D12,yNP22457,,,,,,
1,E1,yNP22422,,,,,,
1,E2,yNP22423,,,,,,
1,E3,yNP22426,,,,,,
1,E4,yNP22431,,,,,,
1,E5,yNP22432,,,,,,
1,E6,yNP22433,,,,,,
1,E7,yNP22446,,,,,,
1,E8,yNP22447,,,,,,
1,E9,yNP22450,,,,,,
1,E10,yNP22455,,,,,,
1,E11,yNP22456,,,,,,
1,E12,yNP22457,,,,,,
1,F1,yNP22422,,,,,,
1,F2,yNP22423,,,,,,
1,F3,yNP22426,,,,,,
1,F4,yNP22431,,,,,,
1,F5,yNP22432,,,,,,
1,F6,yNP22433,,,,,,
1,F7,yNP22446,,,,,,
1,F8,yNP22447,,,,,,
1,F9,yNP22450,,,,,,
1,F10,yNP22455,,,,,,
1,F11,yNP22456,,,,,,
1,F12,yNP22457,,,,,,
1,G1,yNP22422,,,,,,
1,G2,yNP22423,,,,,,
1,G3,yNP22426,,,,,,
1,G4,yNP22431,,,,,,
1,G5,yNP22432,,,,,,
1,G6,yNP22433,,,,,,
1,G7,yNP22446,,,,,,
1,G8,yNP22447,,,,,,
1,G9,yNP22450,,,,,,
1,G10,yNP22455,,,,,,
1,G11,yNP22456,,,,,,
1,G12,yNP22457,,,,,,
1,H1,yNP22422,,,,,,
1,H2,yNP22423,,,,,,
1,H3,yNP22426,,,,,,
1,H4,yNP22431,,,,,,
1,H5,yNP22432,,,,,,
1,H6,yNP22433,,,,,,
1,H7,yNP22446,,,,,,
1,H8,yNP22447,,,,,,
1,H9,yNP22450,,,,,,
1,H10,yNP22455,,,,,,
1,H11,yNP22456,,,,,,
1,H12,yNP22457,,,,,,
2,A1,yNP22422,,,,,,
2,A2,yNP22423,,,,,,
2,A3,yNP22426,,,,,,
2,A4,yNP22431,,,,,,
2,A5,yNP22432,,,,,,
2,A6,yNP22433,,,,,,
2,A7,yNP22446,,,,,,
2,A8,yNP22447,,,,,,
2,A9,yNP22450,,,,,,
2,A10,yNP22455,,,,,,
2,A11,yNP22456,,,,,,
2,A12,yNP22457,,,,,,
2,B1,yNP22422,,,,,,
2,B2,yNP22423,,,,,,
2,B3,yNP22426,,,,,,
2,B4,yNP22431,,,,,,
2,B5,yNP22432,,,,,,
2,B6,yNP22433,,,,,,
2,B7,yNP22446,,,,,,
2,B8,yNP22447,,,,,,
2,B9,yNP22450,,,,,,
2,B10,yNP22455,,,,,,
2,B11,yNP22456,,,,,,
2,B12,yNP22457,,,,,,
2,C1,yNP22424,,,,,,
2,C2,yNP22425,,,,,,
2,C3,yNP22426,,,,,,
2,C4,yNP22428,,,,,,
2,C5,yNP22429,,,,,,
2,C6,yNP22430,,,,,,
2,C7,yNP22448,,,,,,
2,C8,yNP22449,,,,,,
2,C9,yNP22450,,,,,,
2,C10,yNP22452,,,,,,
2,C11,yNP22453,,,,,,
2,C12,yNP22454,,,,,,
2,D1,yNP22424,,,,,,
2,D2,yNP22425,,,,,,
2,D3,yNP22426,,,,,,
2,D4,yNP22428,,,,,,
2,D5,yNP22429,,,,,,
2,D6,yNP22430,,,,,,
2,D7,yNP22448,,,,,,
2,D8,yNP22449,,,,,,
2,D9,yNP22450,,,,,,
2,D10,yNP22452,,,,,,
2,D11,yNP22453,,,,,,
2,D12,yNP22454,,,,,,
2,E1,yNP22424,,,,,,
2,E2,yNP22425,,,,,,
2,E3,yNP22426,,,,,,
2,E4,yNP22428,,,,,,
2,E5,yNP22429,,,,,,
2,E6,yNP22430,,,,,,
2,E7,yNP22448,,,,,,
2,E8,yNP22449,,,,,,
2,E9,yNP22450,,,,,,
2,E10,yNP22452,,,,,,
2,E11,yNP22453,,,,,,
2,E12,yNP22454,,,,,,
2,F1,yNP22424,,,,,,
2,F2,yNP22425,,,,,,
2,F3,yNP22426,,,,,,
2,F4,yNP22428,,,,,,
2,F5,yNP22429,,,,,,
2,F6,yNP22430,,,,,,
2,F7,yNP22448,,,,,,
2,F8,yNP22449,,,,,,
2,F9,yNP22450,,,,,,
2,F10,yNP22452,,,,,,
2,F11,yNP22453,,,,,,
2,F12,yNP22454,,,,,,
2,G1,yNP22424,,,,,,
2,G2,yNP22425,,,,,,
2,G3,yNP22426,,,,,,
2,G4,yNP22428,,,,,,
2,G5,yNP22429,,,,,,
2,G6,yNP22430,,,,,,
2,G7,yNP22448,,,,,,
2,G8,yNP22449,,,,,,
2,G9,yNP22450,,,,,,
2,G10,yNP22452,,,,,,
2,G11,yNP22453,,,,,,
2,G12,yNP22454,,,,,,
2,H1,yNP22424,,,,,,
2,H2,yNP22425,,,,,,
2,H3,yNP22426,,,,,,
2,H4,yNP22428,,,,,,
2,H5,yNP22429,,,,,,
2,H6,yNP22430,,,,,,
2,H7,yNP22448,,,,,,
2,H8,yNP22449,,,,,,
2,H9,yNP22450,,,,,,
2,H10,yNP22452,,,,,,
2,H11,yNP22453,,,,,,
2,H12,yNP22454,,,,,,
3,A1,yNP22424,,,,,,
3,A2,yNP22425,,,,,,
3,A3,yNP22426,,,,,,
3,A4,yNP22428,,,,,,
3,A5,yNP22429,,,,,,
3,A6,yNP22430,,,,,,
3,A7,yNP22448,,,,,,
3,A8,yNP22449,,,,,,
3,A9,yNP22450,,,,,,
3,A10,yNP22452,,,,,,
3,A11,yNP22453,,,,,,
3,A12,yNP22454,,,,,,
3,B1,yNP22424,,,,,,
3,B2,yNP22425,,,,,,
3,B3,yNP22426,,,,,,
3,B4,yNP22428,,,,,,
3,B5,yNP22429,,,,,,
3,B6,yNP22430,,,,,,
3,B7,yNP22448,,,,,,
3,B8,yNP22449,,,,,,
3,B9,yNP22450,,,,,,
3,B10,yNP22452,,,,,,
3,B11,yNP22453,,,,,,
3,B12,yNP22454,,,,,,
3,C1,yNP22424,,,,,,
3,C2,yNP22425,,,,,,
3,C3,yNP22426,,,,,,
3,C4,yNP22428,,,,,,
3,C5,yNP22429,,,,,,
3,C6,yNP22430,,,,,,
3,C7,yNP22448,,,,,,
3,C8,yNP22449,,,,,,
3,C9,yNP22450,,,,,,
3,C10,yNP22452,,,,,,
3,C11,yNP22453,,,,,,
3,C12,yNP22454,,,,,,
3,D1,yNP22424,,,,,,
3,D2,yNP22425,,,,,,
3,D3,yNP22426,,,,,,
3,D4,yNP22428,,,,,,
3,D5,yNP22429,,,,,,
3,D6,yNP22430,,,,,,
3,D7,yNP22448,,,,,,
3,D8,yNP22449,,,,,,
3,D9,yNP22450,,,,,,
3,D10,yNP22452,,,,,,
3,D11,yNP22453,,,,,,
3,D12,yNP22454,,,,,,
3,E1,yNP22424,,,,,,
3,E2,yNP22425,,,,,,
3,E3,yNP22426,,,,,,
3,E4,yNP22428,,,,,,
3,E5,yNP22429,,,,,,
3,E6,yNP22430,,,,,,
3,E7,yNP22448,,,,,,
3,E8,yNP22449,,,,,,
3,E9,yNP22450,,,,,,
3,E10,yNP22452,,,,,,
3,E11,yNP22453,,,,,,
3,E12,yNP22454,,,,,,
3,F1,yNP22424,,,,,,
3,F2,yNP22425,,,,,,
3,F3,yNP22426,,,,,,
3,F4,yNP22428,,,,,,
3,F5,yNP22429,,,,,,
3,F6,yNP22430,,,,,,
3,F7,yNP22448,,,,,,
3,F8,yNP22449,,,,,,
3,F9,yNP22450,,,,,,
3,F10,yNP22452,,,,,,
3,F11,yNP22453,,,,,,
3,F12,yNP22454,,,,,,
3,G1,yNP22424,,,,,,
3,G2,yNP22425,,,,,,
3,G3,yNP22426,,,,,,
3,G4,yNP22428,,,,,,
3,G5,yNP22429,,,,,,
3,G6,yNP22430,,,,,,
3,G7,yNP22448,,,,,,
3,G8,yNP22449,,,,,,
3,G9,yNP22450,,,,,,
3,G10,yNP22452,,,,,,
3,G11,yNP22453,,,,,,
3,G12,yNP22454,,,,,,
3,H1,yNP22424,,,,,,
3,H2,yNP22425,,,,,,
3,H3,yNP22426,,,,,,
3,H4,yNP22428,,,,,,
3,H5,yNP22429,,,,,,
3,H6,yNP22430,,,,,,
3,H7,yNP22448,,,,,,
3,H8,yNP22449,,,,,,
3,H9,yNP22450,,,,,,
3,H10,yNP22452,,,,,,
3,H11,yNP22453,,,,,,
3,H12,yNP22454,,,,,,
4,A1,yNP22434,,,,,,
4,A2,yNP22435,,,,,,
4,A3,yNP22438,,,,,,
4,A4,yNP22443,,,,,,
4,A5,yNP22444,,,,,,
4,A6,yNP22445,,,,,,
4,A7,yNP22446,,,,,,
4,A8,yNP22447,,,,,,
4,A9,yNP22451,,,,,,
4,A10,yNP22455,,,,,,
4,A11,yNP22456,,,,,,
4,A12,yNP22457,,,,,,
4,B1,yNP22434,,,,,,
4,B2,yNP22435,,,,,,
4,B3,yNP22438,,,,,,
4,B4,yNP22443,,,,,,
4,B5,yNP22444,,,,,,
4,B6,yNP22445,,,,,,
4,B7,yNP22446,,,,,,
4,B8,yNP22447,,,,,,
4,B9,yNP22451,,,,,,
4,B10,yNP22455,,,,,,
4,B11,yNP22456,,,,,,
4,B12,yNP22457,,,,,,
4,C1,yNP22434,,,,,,
4,C2,yNP22435,,,,,,
4,C3,yNP22438,,,,,,
4,C4,yNP22443,,,,,,
4,C5,yNP22444,,,,,,
4,C6,yNP22445,,,,,,
4,C7,yNP22446,,,,,,
4,C8,yNP22447,,,,,,
4,C9,yNP22451,,,,,,
4,C10,yNP22455,,,,,,
4,C11,yNP22456,,,,,,
4,C12,yNP22457,,,,,,
4,D1,yNP22434,,,,,,
4,D2,yNP22435,,,,,,
4,D3,yNP22438,,,,,,
4,D4,yNP22443,,,,,,
4,D5,yNP22444,,,,,,
4,D6,yNP22445,,,,,,
4,D7,yNP22446,,,,,,
4,D8,yNP22447,,,,,,
4,D9,yNP22451,,,,,,
4,D10,yNP22455,,,,,,
4,D11,yNP22456,,,,,,
4,D12,yNP22457,,,,,,
4,E1,yNP22434,,,,,,
4,E2,yNP22435,,,,,,
4,E3,yNP22438,,,,,,
4,E4,yNP22443,,,,,,
4,E5,yNP22444,,,,,,
4,E6,yNP22445,,,,,,
4,E7,yNP22446,,,,,,
4,E8,yNP22447,,,,,,
4,E9,yNP22451,,,,,,
4,E10,yNP22455,,,,,,
4,E11,yNP22456,,,,,,
4,E12,yNP22457,,,,,,
4,F1,yNP22434,,,,,,
4,F2,yNP22435,,,,,,
4,F3,yNP22438,,,,,,
4,F4,yNP22443,,,,,,
4,F5,yNP22444,,,,,,
4,F6,yNP22445,,,,,,
4,F7,yNP22446,,,,,,
4,F8,yNP22447,,,,,,
4,F9,yNP22451,,,,,,
4,F10,yNP22455,,,,,,
4,F11,yNP22456,,,,,,
4,F12,yNP22457,,,,,,
4,G1,yNP22434,,,,,,
4,G2,yNP22435,,,,,,
4,G3,yNP22438,,,,,,
4,G4,yNP22443,,,,,,
4,G5,yNP22444,,,,,,
4,G6,yNP22445,,,,,,
4,G7,yNP22446,,,,,,
4,G8,yNP22447,,,,,,
4,G9,yNP22451,,,,,,
4,G10,yNP22455,,,,,,
4,G11,yNP22456,,,,,,
4,G12,yNP22457,,,,,,
4,H1,yNP22434,,,,,,
4,H2,yNP22435,,,,,,
4,H3,yNP22438,,,,,,
4,H4,yNP22443,,,,,,
4,H5,yNP22444,,,,,,
4,H6,yNP22445,,,,,,
4,H7,yNP22446,,,,,,
4,H8,yNP22447,,,,,,
4,H9,yNP22451,,,,,,
4,H10,yNP22455,,,,,,
4,H11,yNP22456,,,,,,
4,H12,yNP22457,,,,,,
5,A1,yNP22434,,,,,,
5,A2,yNP22435,,,,,,
5,A3,yNP22438,,,,,,
5,A4,yNP22443,,,,,,
5,A5,yNP22444,,,,,,
5,A6,yNP22445,,,,,,
5,A7,yNP22446,,,,,,
5,A8,yNP22447,,,,,,
5,A9,yNP22451,,,,,,
5,A10,yNP22455,,,,,,
5,A11,yNP22456,,,,,,
5,A12,yNP22457,,,,,,
5,B1,yNP22434,,,,,,
5,B2,yNP22435,,,,,,
5,B3,yNP22438,,,,,,
5,B4,yNP22443,,,,,,
5,B5,yNP22444,,,,,,
5,B6,yNP22445,,,,,,
5,B7,yNP22446,,,,,,
5,B8,yNP22447,,,,,,
5,B9,yNP22451,,,,,,
5,B10,yNP22455,,,,,,
5,B11,yNP22456,,,,,,
5,B12,yNP22457,,,,,,
5,C1,yNP22436,,,,,,
5,C2,yNP22437,,,,,,
5,C3,yNP22438,,,,,,
5,C4,yNP22440,,,,,,
5,C5,yNP22441,,,,,,
5,C6,yNP22442,,,,,,
5,C7,yNP22448,,,,,,
5,C8,yNP22449,,,,,,
5,C9,yNP22451,,,,,,
5,C10,yNP22452,,,,,,
5,C11,yNP22453,,,,,,
5,C12,yNP22454,,,,,,
5,D1,yNP22436,,,,,,
5,D2,yNP22437,,,,,,
5,D3,yNP22438,,,,,,
5,D4,yNP22440,,,,,,
5,D5,yNP22441,,,,,,
5,D6,yNP22442,,,,,,
5,D7,yNP22448,,,,,,
5,D8,yNP22449,,,,,,
5,D9,yNP22451,,,,,,
5,D10,yNP22452,,,,,,
5,D11,yNP22453,,,,,,
5,D12,yNP22454,,,,,,
5,E1,yNP22436,,,,,,
5,E2,yNP22437,,,,,,
5,E3,yNP22438,,,,,,
5,E4,yNP22440,,,,,,
5,E5,yNP22441,,,,,,
5,E6,yNP22442,,,,,,
5,E7,yNP22448,,,,,,
5,E8,yNP22449,,,,,,
5,E9,yNP22451,,,,,,
5,E10,yNP22452,,,,,,
5,E11,yNP22453,,,,,,
5,E12,yNP22454,,,,,,
5,F1,yNP22436,,,,,,
5,F2,yNP22437,,,,,,
5,F3,yNP22438,,,,,,
5,F4,yNP22440,,,,,,
5,F5,yNP22441,,,,,,
5,F6,yNP22442,,,,,,
5,F7,yNP22448,,,,,,
5,F8,yNP22449,,,,,,
5,F9,yNP22451,,,,,,
5,F10,yNP22452,,,,,,
5,F11,yNP22453,,,,,,
5,F12,yNP22454,,,,,,
5,G1,yNP22436,,,,,,
5,G2,yNP22437,,,,,,
5,G3,yNP22438,,,,,,
5,G4,yNP22440,,,,,,
5,G5,yNP22441,,,,,,
5,G6,yNP22442,,,,,,
5,G7,yNP22448,,,,,,
5,G8,yNP22449,,,,,,
5,G9,yNP22451,,,,,,
5,G10,yNP22452,,,,,,
5,G11,yNP22453,,,,,,
5,G12,yNP22454,,,,,,
5,H1,yNP22436,,,,,,
5,H2,yNP22437,,,,,,
5,H3,yNP22438,,,,,,
5,H4,yNP22440,,,,,,
5,H5,yNP22441,,,,,,
5,H6,yNP22442,,,,,,
5,H7,yNP22448,,,,,,
5,H8,yNP22449,,,,,,
5,H9,yNP22451,,,,,,
5,H10,yNP22452,,,,,,
5,H11,yNP22453,,,,,,
5,H12,yNP22454,,,,,,
6,A1,yNP22436,,,,,,
6,A2,yNP22437,,,,,,
6,A3,yNP22438,,,,,,
6,A4,yNP22440,,,,,,
6,A5,yNP22441,,,,,,
6,A6,yNP22442,,,,,,
6,A7,yNP22448,,,,,,
6,A8,yNP22449,,,,,,
6,A9,yNP22451,,,,,,
6,A10,yNP22452,,,,,,
6,A11,yNP22453,,,,,,
6,A12,yNP22454,,,,,,
6,B1,yNP22436,,,,,,
6,B2,yNP22437,,,,,,
6,B3,yNP22438,,,,,,
6,B4,yNP22440,,,,,,
6,B5,yNP22441,,,,,,
6,B6,yNP22442,,,,,,
6,B7,yNP22448,,,,,,
6,B8,yNP22449,,,,,,
6,B9,yNP22451,,,,,,
6,B10,yNP22452,,,,,,
6,B11,yNP22453,,,,,,
6,B12,yNP22454,,,,,,
6,C1,yNP22436,,,,,,
6,C2,yNP22437,,,,,,
6,C3,yNP22438,,,,,,
6,C4,yNP22440,,,,,,
6,C5,yNP22441,,,,,,
6,C6,yNP22442,,,,,,
6,C7,yNP22448,,,,,,
6,C8,yNP22449,,,,,,
6,C9,yNP22451,,,,,,
6,C10,yNP22452,,,,,,
6,C11,yNP22453,,,,,,
6,C12,yNP22454,,,,,,
6,D1,yNP22436,,,,,,
6,D2,yNP22437,,,,,,
6,D3,yNP22438,,,,,,
6,D4,yNP22440,,,,,,
6,D5,yNP22441,,,,,,
6,D6,yNP22442,,,,,,
6,D7,yNP22448,,,,,,
6,D8,yNP22449,,,,,,
6,D9,yNP22451,,,,,,
6,D10,yNP22452,,,,,,
6,D11,yNP22453,,,,,,
6,D12,yNP22454,,,,,,
6,E1,yNP22436,,,,,,
6,E2,yNP22437,,,,,,
6,E3,yNP22438,,,,,,
6,E4,yNP22440,,,,,,
6,E5,yNP22441,,,,,,
6,E6,yNP22442,,,,,,
6,E7,yNP22448,,,,,,
6,E8,yNP22449,,,,,,
6,E9,yNP22451,,,,,,
6,E10,yNP22452,,,,,,
6,E11,yNP22453,,,,,,
6,E12,yNP22454,,,,,,
6,F1,yNP22436,,,,,,
6,F2,yNP22437,,,,,,
6,F3,yNP22438,,,,,,
6,F4,yNP22440,,,,,,
6,F5,yNP22441,,,,,,
6,F6,yNP22442,,,,,,
6,F7,yNP22448,,,,,,
6,F8,yNP22449,,,,,,
6,F9,yNP22451,,,,,,
6,F10,yNP22452,,,,,,
6,F11,yNP22453,,,,,,
6,F12,yNP22454,,,,,,
6,G1,yNP22436,,,,,,
6,G2,yNP22437,,,,,,
6,G3,yNP22438,,,,,,
6,G4,yNP22440,,,,,,
6,G5,yNP22441,,,,,,
6,G6,yNP22442,,,,,,
6,G7,yNP22448,,,,,,
6,G8,yNP22449,,,,,,
6,G9,yNP22451,,,,,,
6,G10,yNP22452,,,,,,
6,G11,yNP22453,,,,,,
6,G12,yNP22454,,,,,,
6,H1,yNP22436,,,,,,
6,H2,yNP22437,,,,,,
6,H3,yNP22438,,,,,,
6,H4,yNP22440,,,,,,
6,H5,yNP22441,,,,,,
6,H6,yNP22442,,,,,,
6,H7,yNP22448,,,,,,
6,H8,yNP22449,,,,,,
6,H9,yNP22451,,,,,,
6,H10,yNP22452,,,,,,
6,H11,yNP22453,,,,,,
6,H12,yNP22454,,,,,,
7,A1,yNP22422,,,,,,
7,A2,yNP22423,,,,,,
7,A3,yNP22426,,,,,,
7,A4,yNP22431,,,,,,
7,A5,yNP22432,,,,,,
7,A6,yNP22433,,,,,,
7,A7,yNP22446,,,,,,
7,A8,yNP22447,,,,,,
7,A9,yNP22450,,,,,,
7,A10,yNP22455,,,,,,
7,A11,yNP22456,,,,,,
7,A12,yNP22457,,,,,,
7,B1,yNP22422,,,,,,
7,B2,yNP22423,,,,,,
7,B3,yNP22426,,,,,,
7,B4,yNP22431,,,,,,
7,B5,yNP22432,,,,,,
7,B6,yNP22433,,,,,,
7,B7,yNP22446,,,,,,
7,B8,yNP22447,,,,,,
7,B9,yNP22450,,,,,,
7,B10,yNP22455,,,,,,
7,B11,yNP22456,,,,,,
7,B12,yNP22457,,,,,,
7,C1,yNP22422,,,,,,
7,C2,yNP22423,,,,,,
7,C3,yNP22426,,,,,,
7,C4,yNP22431,,,,,,
7,C5,yNP22432,,,,,,
7,C6,yNP22433,,,,,,
7,C7,yNP22446,,,,,,
7,C8,yNP22447,,,,,,
7,C9,yNP22450,,,,,,
7,C10,yNP22455,,,,,,
7,C11,yNP22456,,,,,,
7,C12,yNP22457,,,,,,
7,D1,yNP22422,,,,,,
7,D2,yNP22423,,,,,,
7,D3,yNP22426,,,,,,
7,D4,yNP22431,,,,,,
7,D5,yNP22432,,,,,,
7,D6,yNP22433,,,,,,
7,D7,yNP22446,,,,,,
7,D8,yNP22447,,,,,,
7,D9,yNP22450,,,,,,
7,D10,yNP22455,,,,,,
7,D11,yNP22456,,,,,,
7,D12,yNP22457,,,,,,
7,E1,yNP22422,,,,,,
7,E2,yNP22423,,,,,,
7,E3,yNP22426,,,,,,
7,E4,yNP22431,,,,,,
7,E5,yNP22432,,,,,,
7,E6,yNP22433,,,,,,
7,E7,yNP22446,,,,,,
7,E8,yNP22447,,,,,,
7,E9,yNP22450,,,,,,
7,E10,yNP22455,,,,,,
7,E11,yNP22456,,,,,,
7,E12,yNP22457,,,,,,
7,F1,yNP22422,,,,,,
7,F2,yNP22423,,,,,,
7,F3,yNP22426,,,,,,
7,F4,yNP22431,,,,,,
7,F5,yNP22432,,,,,,
7,F6,yNP22433,,,,,,
7,F7,yNP22446,,,,,,
7,F8,yNP22447,,,,,,
7,F9,yNP22450,,,,,,
7,F10,yNP22455,,,,,,
7,F11,yNP22456,,,,,,
7,F12,yNP22457,,,,,,
7,G1,yNP22422,,,,,,
7,G2,yNP22423,,,,,,
7,G3,yNP22426,,,,,,
7,G4,yNP22431,,,,,,
7,G5,yNP22432,,,,,,
7,G6,yNP22433,,,,,,
7,G7,yNP22446,,,,,,
7,G8,yNP22447,,,,,,
7,G9,yNP22450,,,,,,
7,G10,yNP22455,,,,,,
7,G11,yNP22456,,,,,,
7,G12,yNP22457,,,,,,
7,H1,yNP22422,,,,,,
7,H2,yNP22423,,,,,,
7,H3,yNP22426,,,,,,
7,H4,yNP22431,,,,,,
7,H5,yNP22432,,,,,,
7,H6,yNP22433,,,,,,
7,H7,yNP22446,,,,,,
7,H8,yNP22447,,,,,,
7,H9,yNP22450,,,,,,
7,H10,yNP22455,,,,,,
7,H11,yNP22456,,,,,,
7,H12,yNP22457,,,,,,
8,A1,yNP22422,,,,,,
8,A2,yNP22423,,,,,,
8,A3,yNP22426,,,,,,
8,A4,yNP22431,,,,,,
8,A5,yNP22432,,,,,,
8,A6,yNP22433,,,,,,
8,A7,yNP22446,,,,,,
8,A8,yNP22447,,,,,,
8,A9,yNP22450,,,,,,
8,A10,yNP22455,,,,,,
8,A11,yNP22456,,,,,,
8,A12,yNP22457,,,,,,
8,B1,yNP22422,,,,,,
8,B2,yNP22423,,,,,,
8,B3,yNP22426,,,,,,
8,B4,yNP22431,,,,,,
8,B5,yNP22432,,,,,,
8,B6,yNP22433,,,,,,
8,B7,yNP22446,,,,,,
8,B8,yNP22447,,,,,,
8,B9,yNP22450,,,,,,
8,B10,yNP22455,,,,,,
8,B11,yNP22456,,,,,,
8,B12,yNP22457,,,,,,
8,C1,yNP22424,,,,,,
8,C2,yNP22425,,,,,,
8,C3,yNP22426,,,,,,
8,C4,yNP22428,,,,,,
8,C5,yNP22429,,,,,,
8,C6,yNP22430,,,,,,
8,C7,yNP22448,,,,,,
8,C8,yNP22449,,,,,,
8,C9,yNP22450,,,,,,
8,C10,yNP22452,,,,,,
8,C11,yNP22453,,,,,,
8,C12,yNP22454,,,,,,
8,D1,yNP22424,,,,,,
8,D2,yNP22425,,,,,,
8,D3,yNP22426,,,,,,
8,D4,yNP22428,,,,,,
8,D5,yNP22429,,,,,,
8,D6,yNP22430,,,,,,
8,D7,yNP22448,,,,,,
8,D8,yNP22449,,,,,,
8,D9,yNP22450,,,,,,
8,D10,yNP22452,,,,,,
8,D11,yNP22453,,,,,,
8,D12,yNP22454,,,,,,
8,E1,yNP22424,,,,,,
8,E2,yNP22425,,,,,,
8,E3,yNP22426,,,,,,
8,E4,yNP22428,,,,,,
8,E5,yNP22429,,,,,,
8,E6,yNP22430,,,,,,
8,E7,yNP22448,,,,,,
8,E8,yNP22449,,,,,,
8,E9,yNP22450,,,,,,
8,E10,yNP22452,,,,,,
8,E11,yNP22453,,,,,,
8,E12,yNP22454,,,,,,
8,F1,yNP22424,,,,,,
8,F2,yNP22425,,,,,,
8,F3,yNP22426,,,,,,
8,F4,yNP22428,,,,,,
8,F5,yNP22429,,,,,,
8,F6,yNP22430,,,,,,
8,F7,yNP22448,,,,,,
8,F8,yNP22449,,,,,,
8,F9,yNP22450,,,,,,
8,F10,yNP22452,,,,,,
8,F11,yNP22453,,,,,,
8,F12,yNP22454,,,,,,
8,G1,yNP22424,,,,,,
8,G2,yNP22425,,,,,,
8,G3,yNP22426,,,,,,
8,G4,yNP22428,,,,,,
8,G5,yNP22429,,,,,,
8,G6,yNP22430,,,,,,
8,G7,yNP22448,,,,,,
8,G8,yNP22449,,,,,,
8,G9,yNP22450,,,,,,
8,G10,yNP22452,,,,,,
8,G11,yNP22453,,,,,,
8,G12,yNP22454,,,,,,
8,H1,yNP22424,,,,,,
8,H2,yNP22425,,,,,,
8,H3,yNP22426,,,,,,
8,H4,yNP22428,,,,,,
8,H5,yNP22429,,,,,,
8,H6,yNP22430,,,,,,
8,H7,yNP22448,,,,,,
8,H8,yNP22449,,,,,,
8,H9,yNP22450,,,,,,
8,H10,yNP22452,,,,,,
8,H11,yNP22453,,,,,,
8,H12,yNP22454,,,,,,
9,A1,yNP22424,,,,,,
9,A2,yNP22425,,,,,,
9,A3,yNP22426,,,,,,
9,A4,yNP22428,,,,,,
9,A5,yNP22429,,,,,,
9,A6,yNP22430,,,,,,
9,A7,yNP22448,,,,,,
9,A8,yNP22449,,,,,,
9,A9,yNP22450,,,,,,
9,A10,yNP22452,,,,,,
9,A11,yNP22453,,,,,,
9,A12,yNP22454,,,,,,
9,B1,yNP22424,,,,,,
9,B2,yNP22425,,,,,,
9,B3,yNP22426,,,,,,
9,B4,yNP22428,,,,,,
9,B5,yNP22429,,,,,,
9,B6,yNP22430,,,,,,
9,B7,yNP22448,,,,,,
9,B8,yNP22449,,,,,,
9,B9,yNP22450,,,,,,
9,B10,yNP22452,,,,,,
9,B11,yNP22453,,,,,,
9,B12,yNP22454,,,,,,
9,C1,yNP22424,,,,,,
9,C2,yNP22425,,,,,,
9,C3,yNP22426,,,,,,
9,C4,yNP22428,,,,,,
9,C5,yNP22429,,,,,,
9,C6,yNP22430,,,,,,
9,C7,yNP22448,,,,,,
9,C8,yNP22449,,,,,,
9,C9,yNP22450,,,,,,
9,C10,yNP22452,,,,,,
9,C11,yNP22453,,,,,,
9,C12,yNP22454,,,,,,
9,D1,yNP22424,,,,,,
9,D2,yNP22425,,,,,,
9,D3,yNP22426,,,,,,
9,D4,yNP22428,,,,,,
9,D5,yNP22429,,,,,,
9,D6,yNP22430,,,,,,
9,D7,yNP22448,,,,,,
9,D8,yNP22449,,,,,,
9,D9,yNP22450,,,,,,
9,D10,yNP22452,,,,,,
9,D11,yNP22453,,,,,,
9,D12,yNP22454,,,,,,
9,E1,yNP22424,,,,,,
9,E2,yNP22425,,,,,,
9,E3,yNP22426,,,,,,
9,E4,yNP22428,,,,,,
9,E5,yNP22429,,,,,,
9,E6,yNP22430,,,,,,
9,E7,yNP22448,,,,,,
9,E8,yNP22449,,,,,,
9,E9,yNP22450,,,,,,
9,E10,yNP22452,,,,,,
9,E11,yNP22453,,,,,,
9,E12,yNP22454,,,,,,
9,F1,yNP22424,,,,,,
9,F2,yNP22425,,,,,,
9,F3,yNP22426,,,,,,
9,F4,yNP22428,,,,,,
9,F5,yNP22429,,,,,,
9,F6,yNP22430,,,,,,
9,F7,yNP22448,,,,,,
9,F8,yNP22449,,,,,,
9,F9,yNP22450,,,,,,
9,F10,yNP22452,,,,,,
9,F11,yNP22453,,,,,,
9,F12,yNP22454,,,,,,
9,G1,yNP22424,,,,,,
9,G2,yNP22425,,,,,,
9,G3,yNP22426,,,,,,
9,G4,yNP22428,,,,,,
9,G5,yNP22429,,,,,,
9,G6,yNP22430,,,,,,
9,G7,yNP22448,,,,,,
9,G8,yNP22449,,,,,,
9,G9,yNP22450,,,,,,
9,G10,yNP22452,,,,,,
9,G11,yNP22453,,,,,,
9,G12,yNP22454,,,,,,
9,H1,yNP22424,,,,,,
9,H2,yNP22425,,,,,,
9,H3,yNP22426,,,,,,
9,H4,yNP22428,,,,,,
9,H5,yNP22429,,,,,,
9,H6,yNP22430,,,,,,
9,H7,yNP22448,,,,,,
9,H8,yNP22449,,,,,,
9,H9,yNP22450,,,,,,
9,H10,yNP22452,,,,,,
9,H11,yNP22453,,,,,,
9,H12,yNP22454,,,,,,
10,A1,yNP22434,,,,,,
10,A2,yNP22435,,,,,,
10,A3,yNP22438,,,,,,
10,A4,yNP22443,,,,,,
10,A5,yNP22444,,,,,,
10,A6,yNP22445,,,,,,
10,A7,yNP22446,,,,,,
10,A8,yNP22447,,,,,,
10,A9,yNP22451,,,,,,
10,A10,yNP22455,,,,,,
10,A11,yNP22456,,,,,,
10,A12,yNP22457,,,,,,
10,B1,yNP22434,,,,,,
10,B2,yNP22435,,,,,,
10,B3,yNP22438,,,,,,
10,B4,yNP22443,,,,,,
10,B5,yNP22444,,,,,,
10,B6,yNP22445,,,,,,
10,B7,yNP22446,,,,,,
10,B8,yNP22447,,,,,,
10,B9,yNP22451,,,,,,
10,B10,yNP22455,,,,,,
10,B11,yNP22456,,,,,,
10,B12,yNP22457,,,,,,
10,C1,yNP22434,,,,,,
10,C2,yNP22435,,,,,,
10,C3,yNP22438,,,,,,
10,C4,yNP22443,,,,,,
10,C5,yNP22444,,,,,,
10,C6,yNP22445,,,,,,
10,C7,yNP22446,,,,,,
10,C8,yNP22447,,,,,,
10,C9,yNP22451,,,,,,
10,C10,yNP22455,,,,,,
10,C11,yNP22456,,,,,,
10,C12,yNP22457,,,,,,
10,D1,yNP22434,,,,,,
10,D2,yNP22435,,,,,,
10,D3,yNP22438,,,,,,
10,D4,yNP22443,,,,,,
10,D5,yNP22444,,,,,,
10,D6,yNP22445,,,,,,
10,D7,yNP22446,,,,,,
10,D8,yNP22447,,,,,,
10,D9,yNP22451,,,,,,
10,D10,yNP22455,,,,,,
10,D11,yNP22456,,,,,,
10,D12,yNP22457,,,,,,
10,E1,yNP22434,,,,,,
10,E2,yNP22435,,,,,,
10,E3,yNP22438,,,,,,
10,E4,yNP22443,,,,,,
10,E5,yNP22444,,,,,,
10,E6,yNP22445,,,,,,
10,E7,yNP22446,,,,,,
10,E8,yNP22447,,,,,,
10,E9,yNP22451,,,,,,
10,E10,yNP22455,,,,,,
10,E11,yNP22456,,,,,,
10,E12,yNP22457,,,,,,
10,F1,yNP22434,,,,,,
10,F2,yNP22435,,,,,,
10,F3,yNP22438,,,,,,
10,F4,yNP22443,,,,,,
10,F5,yNP22444,,,,,,
10,F6,yNP22445,,,,,,
10,F7,yNP22446,,,,,,
10,F8,yNP22447,,,,,,
10,F9,yNP22451,,,,,,
10,F10,yNP22455,,,,,,
10,F11,yNP22456,,,,,,
10,F12,yNP22457,,,,,,
10,G1,yNP22434,,,,,,
10,G2,yNP22435,,,,,,
10,G3,yNP22438,,,,,,
10,G4,yNP22443,,,,,,
10,G5,yNP22444,,,,,,
10,G6,yNP22445,,,,,,
10,G7,yNP22446,,,,,,
10,G8,yNP22447,,,,,,
10,G9,yNP22451,,,,,,
10,G10,yNP22455,,,,,,
10,G11,yNP22456,,,,,,
10,G12,yNP22457,,,,,,
10,H1,yNP22434,,,,,,
10,H2,yNP22435,,,,,,
10,H3,yNP22438,,,,,,
10,H4,yNP22443,,,,,,
10,H5,yNP22444,,,,,,
10,H6,yNP22445,,,,,,
10,H7,yNP22446,,,,,,
10,H8,yNP22447,,,,,,
10,H9,yNP22451,,,,,,
10,H10,yNP22455,,,,,,
10,H11,yNP22456,,,,,,
10,H12,yNP22457,,,,,,
11,A1,yNP22434,,,,,,
11,A2,yNP22435,,,,,,
11,A3,yNP22438,,,,,,
11,A4,yNP22443,,,,,,
11,A5,yNP22444,,,,,,
11,A6,yNP22445,,,,,,
11,A7,yNP22446,,,,,,
11,A8,yNP22447,,,,,,
11,A9,yNP22451,,,,,,
11,A10,yNP22455,,,,,,
11,A11,yNP22456,,,,,,
11,A12,yNP22457,,,,,,
11,B1,yNP22434,,,,,,
11,B2,yNP22435,,,,,,
11,B3,yNP22438,,,,,,
11,B4,yNP22443,,,,,,
11,B5,yNP22444,,,,,,
11,B6,yNP22445,,,,,,
11,B7,yNP22446,,,,,,
11,B8,yNP22447,,,,,,
11,B9,yNP22451,,,,,,
11,B10,yNP22455,,,,,,
11,B11,yNP22456,,,,,,
11,B12,yNP22457,,,,,,
11,C1,yNP22436,,,,,,
11,C2,yNP22437,,,,,,
11,C3,yNP22438,,,,,,
11,C4,yNP22440,,,,,,
11,C5,yNP22441,,,,,,
11,C6,yNP22442,,,,,,
11,C7,yNP22448,,,,,,
11,C8,yNP22449,,,,,,
11,C9,yNP22451,,,,,,
11,C10,yNP22452,,,,,,
11,C11,yNP22453,,,,,,
11,C12,yNP22454,,,,,,
11,D1,yNP22436,,,,,,
11,D2,yNP22437,,,,,,
11,D3,yNP22438,,,,,,
11,D4,yNP22440,,,,,,
11,D5,yNP22441,,,,,,
11,D6,yNP22442,,,,,,
11,D7,yNP22448,,,,,,
11,D8,yNP22449,,,,,,
11,D9,yNP22451,,,,,,
11,D10,yNP22452,,,,,,
11,D11,yNP22453,,,,,,
11,D12,yNP22454,,,,,,
11,E1,yNP22436,,,,,,
11,E2,yNP22437,,,,,,
11,E3,yNP22438,,,,,,
11,E4,yNP22440,,,,,,
11,E5,yNP22441,,,,,,
11,E6,yNP22442,,,,,,
11,E7,yNP22448,,,,,,
11,E8,yNP22449,,,,,,
11,E9,yNP22451,,,,,,
11,E10,yNP22452,,,,,,
11,E11,yNP22453,,,,,,
11,E12,yNP22454,,,,,,
11,F1,yNP22436,,,,,,
11,F2,yNP22437,,,,,,
11,F3,yNP22438,,,,,,
11,F4,yNP22440,,,,,,
11,F5,yNP22441,,,,,,
11,F6,yNP22442,,,,,,
11,F7,yNP22448,,,,,,
11,F8,yNP22449,,,,,,
11,F9,yNP22451,,,,,,
11,F10,yNP22452,,,,,,
11,F11,yNP22453,,,,,,
11,F12,yNP22454,,,,,,
11,G1,yNP22436,,,,,,
11,G2,yNP22437,,,,,,
11,G3,yNP22438,,,,,,
11,G4,yNP22440,,,,,,
11,G5,yNP22441,,,,,,
11,G6,yNP22442,,,,,,
11,G7,yNP22448,,,,,,
11,G8,yNP22449,,,,,,
11,G9,yNP22451,,,,,,
11,G10,yNP22452,,,,,,
11,G11,yNP22453,,,,,,
11,G12,yNP22454,,,,,,
11,H1,yNP22436,,,,,,
11,H2,yNP22437,,,,,,
11,H3,yNP22438,,,,,,
11,H4,yNP22440,,,,,,
11,H5,yNP22441,,,,,,
11,H6,yNP22442,,,,,,
11,H7,yNP22448,,,,,,
11,H8,yNP22449,,,,,,
11,H9,yNP22451,,,,,,
11,H10,yNP22452,,,,,,
11,H11,yNP22453,,,,,,
11,H12,yNP22454,,,,,,
12,A1,yNP22436,,,,,,
12,A2,yNP22437,,,,,,
12,A3,yNP22438,,,,,,
12,A4,yNP22440,,,,,,
12,A5,yNP22441,,,,,,
12,A6,yNP22442,,,,,,
12,A7,yNP22448,,,,,,
12,A8,yNP22449,,,,,,
12,A9,yNP22451,,,,,,
12,A10,yNP22452,,,,,,
12,A11,yNP22453,,,,,,
12,A12,yNP22454,,,,,,
12,B1,yNP22436,,,,,,
12,B2,yNP22437,,,,,,
12,B3,yNP22438,,,,,,
12,B4,yNP22440,,,,,,
12,B5,yNP22441,,,,,,
12,B6,yNP22442,,,,,,
12,B7,yNP22448,,,,,,
12,B8,yNP22449,,,,,,
12,B9,yNP22451,,,,,,
12,B10,yNP22452,,,,,,
12,B11,yNP22453,,,,,,
12,B12,yNP22454,,,,,,
12,C1,yNP22436,,,,,,
12,C2,yNP22437,,,,,,
12,C3,yNP22438,,,,,,
12,C4,yNP22440,,,,,,
12,C5,yNP22441,,,,,,
12,C6,yNP22442,,,,,,
12,C7,yNP22448,,,,,,
12,C8,yNP22449,,,,,,
12,C9,yNP22451,,,,,,
12,C10,yNP22452,,,,,,
12,C11,yNP22453,,,,,,
12,C12,yNP22454,,,,,,
12,D1,yNP22436,,,,,,
12,D2,yNP22437,,,,,,
12,D3,yNP22438,,,,,,
12,D4,yNP22440,,,,,,
12,D5,yNP22441,,,,,,
12,D6,yNP22442,,,,,,
12,D7,yNP22448,,,,,,
12,D8,yNP22449,,,,,,
12,D9,yNP22451,,,,,,
12,D10,yNP22452,,,,,,
12,D11,yNP22453,,,,,,
12,D12,yNP22454,,,,,,
12,E1,yNP22436,,,,,,
12,E2,yNP22437,,,,,,
12,E3,yNP22438,,,,,,
12,E4,yNP22440,,,,,,
12,E5,yNP22441,,,,,,
12,E6,yNP22442,,,,,,
12,E7,yNP22448,,,,,,
12,E8,yNP22449,,,,,,
12,E9,yNP22451,,,,,,
12,E10,yNP22452,,,,,,
12,E11,yNP22453,,,,,,
12,E12,yNP22454,,,,,,
12,F1,yNP22436,,,,,,
12,F2,yNP22437,,,,,,
12,F3,yNP22438,,,,,,
12,F4,yNP22440,,,,,,
12,F5,yNP22441,,,,,,
12,F6,yNP22442,,,,,,
12,F7,yNP22448,,,,,,
12,F8,yNP22449,,,,,,
12,F9,yNP22451,,,,,,
12,F10,yNP22452,,,,,,
12,F11,yNP22453,,,,,,
12,F12,yNP22454,,,,,,
12,G1,yNP22436,,,,,,
12,G2,yNP22437,,,,,,
12,G3,yNP22438,,,,,,
12,G4,yNP22440,,,,,,
12,G5,yNP22441,,,,,,
12,G6,yNP22442,,,,,,
12,G7,yNP22448,,,,,,
12,G8,yNP22449,,,,,,
12,G9,yNP22451,,,,,,
12,G10,yNP22452,,,,,,
12,G11,yNP22453,,,,,,
12,G12,yNP22454,,,,,,
12,H1,yNP22436,,,,,,
12,H2,yNP22437,,,,,,
12,H3,yNP22438,,,,,,
12,H4,yNP22440,,,,,,
12,H5,yNP22441,,,,,,
12,H6,yNP22442,,,,,,
12,H7,yNP22448,,,,,,
12,H8,yNP22449,,,,,,
12,H9,yNP22451,,,,,,
12,H10,yNP22452,,,,,,
12,H11,yNP22453,,,,,,
12,H12,yNP22454,,,,,,